{
  "B": 1000,
  "seed": 0,
  "tau": 0.5,
  "archive": "/Users/mbhatt/stuff/trilemma_validator/live_runs/gpt35_turbo_t05_saturated/source_archive.json",
  "rows": [
    {
      "defense": "identity",
      "L": [
        23.625,
        21.75,
        23.625
      ],
      "K": [
        1.0,
        1.0,
        1.0
      ],
      "ell": [
        null,
        null,
        null
      ],
      "G": [
        23.625,
        21.75,
        23.625
      ],
      "L_max": 23.625,
      "K_max": 1.0,
      "ell_max": null,
      "G_max": 23.625
    },
    {
      "defense": "GP-smooth oblique",
      "L": [
        23.625,
        21.75,
        23.625
      ],
      "K": [
        1.0508213998954714,
        1.0292447452984563,
        1.0508213998954714
      ],
      "ell": [
        0.8648970604102608,
        0.8012160839822211,
        0.8648970604102608
      ],
      "G": [
        23.625,
        21.75,
        23.625
      ],
      "L_max": 23.625,
      "K_max": 1.0508213998954714,
      "ell_max": 0.8648970604102608,
      "G_max": 23.625
    }
  ]
}