{
  "B": 1000,
  "seed": 0,
  "tau": 0.5,
  "archive": "/Users/mbhatt/stuff/trilemma_validator/live_runs/gpt35_turbo_t05_saturated/source_archive.json",
  "rows": [
    {
      "defense": "identity",
      "L": [
        22.680000000000003,
        20.880000000000003,
        22.680000000000003
      ],
      "K": [
        1.0,
        1.0,
        1.0
      ],
      "ell": [
        null,
        null,
        null
      ],
      "G": [
        22.680000000000003,
        20.880000000000003,
        22.680000000000003
      ],
      "L_max": 22.680000000000003,
      "K_max": 1.0,
      "ell_max": null,
      "G_max": 22.680000000000003
    },
    {
      "defense": "GP-smooth oblique",
      "L": [
        22.680000000000003,
        20.880000000000003,
        22.680000000000003
      ],
      "K": [
        1.050821399895546,
        1.0292447452985103,
        1.050821399895546
      ],
      "ell": [
        0.8648970604973426,
        0.8012160840874091,
        0.8648970604973426
      ],
      "G": [
        22.680000000000003,
        20.880000000000003,
        22.680000000000003
      ],
      "L_max": 22.680000000000003,
      "K_max": 1.050821399895546,
      "ell_max": 0.8648970604973426,
      "G_max": 22.680000000000003
    }
  ]
}